PersonNumber,FirstName,LastName,phone_number,email_address
0,Georgeanna,Consolver,(655)  724 -  5618,01275a3d0b60594f4d2245135c114d4827170e0a183823505b2f3a2e611b3854@fake.email
1,Anna,Louden,(287)  299 -  5438,40425a1158602d3f18495345362827422a5058510153371d5d30401c5d343038@fake.email
2,Armando,Desmarais,(803)  821 -  6311,0d4c614814461b303f4a1a083d3945105e19560819606031190d473c08475908@fake.email
3,Alicia,Pio,(590)  525 -  1482,5a002523050a523207430b3a464c52583c2454162f2c59345b5351455f0b0b42@fake.email
4,Mary,Mccan,(318)  318 -  4921,3d01610a08152c55445f5e5f131e1259324f1b48185d3f0a4d3c0f5738534e07@fake.email
32,Monica,Koterba,(266)  732 -  6180,50120a3f490b372d2f564f47201b2f101e08360f343206144638142640335d34@fake.email
103,Dave,Kimbley,(755)  411 -  1796,2319044c5e51016233523903514f3a2b32612f3a035c46284b1435574e171004@fake.email
105,Ginger,Dreben,(270)  749 -  4760,092c234c5b015c045b342c584d4c060c1d22535b47583b074562300960435c45@fake.email
106,Clara,Hinnant,(290)  687 -  6640,61220318435f5f185d0b523821366210211a1454392a4844154c432f43322e01@fake.email
107,Frances,Cueto,(880)  564 -  9131,555b334329530b614f595313411d1a203d155c2453513e344e2c465637094a0e@fake.email
108,Mathew,Hinaman,(252)  621 -  5836,0653003e44260555230d1f612b19323b1b2f613e270531374a0e5e241c0f3820@fake.email
109,Bonnie,Swaisgood,(719)  586 -  5986,2e06090137121257260d5c364d542d0d5b0604061e160e3b0f05271f575f504d@fake.email
133,Gail,Coll,(656)  359 -  5443,36525c601a604958132c064405095a3f4949471a4b214d525d17384f1137442c@fake.email
210,Mollie,Leise,(266)  266 -  5204,2e4a204858604516571e40404e4f4355611e4e323b44534657210626484b4c35@fake.email
211,John,Louer,(295)  572 -  2773,1c1e2858382f56280d3f1a174136084f5a620c310630472e475c196322045233@fake.email
212,Marsella,Goodland,(439)  617 -  3762,50384b181d0c11321c501b475c0452581e536009155d1c530137085d265b1d1e@fake.email
213,Betsey,Betts,(416)  428 -  6688,364d3c4752190011015b541d1a364e3455332a422e14364a45165d372d092946@fake.email
214,Diana,Gilmore,(575)  304 -  6925,531f0e4341061d3b08483f2d422f202d53443d0a2b3f1e1a1d0538184b465358@fake.email
215,Gerry,Grimaldo,(643)  491 -  5777,3012283f532c11111a2d36255f170552332d494b5850481f1c5b5b543c30112d@fake.email
234,Sara,Fehl,(550)  505 -  7576,371b22233e3b1a4b6152575c58470c5b5a1b33304929042c5b625d0354383a3d@fake.email
316,Ruth,Degado,(489)  629 -  3720,35370d1c55480e35625029442f5b5b635b103e333f1b28263135444328583c56@fake.email
317,Louise,Nardi,(351)  770 -  9731,5602335e5c0933145b4d082b17400f441133082b1161213606023d3e081e111c@fake.email
318,Pat,Elsensohn,(466)  574 -  3647,243551164113464d2c5b0f26082d480955552228002134360d37175361310245@fake.email
319,Linnea,Sesser,(531)  819 -  4764,2c2b183d063f41341e4246581c3918272932024f3d5503422e18491a5b492341@fake.email
320,Christina,Alsobrooks,(476)  834 -  4310,3860465c53496031561a4e3a182646483b5d2125130a1925214e22191049570f@fake.email
421,Maureen,Sheer,(517)  833 -  7718,183f535a4b595a131a4d61334e5d601a381c5d0933583e082740521d031a3916@fake.email
422,Carolina,Ballreich,(901)  884 -  4488,49542d4f18151f5e21530e4b0a37010e505f395a1a0411323b5c3a39140b623f@fake.email
429,Sylvia,Burkett,(288)  354 -  8734,4224565d5363190030174a621e4b3d2d1e153a2a434c5116060e0856351f0727@fake.email
430,Laura,Devey,(360)  390 -  6865,271335193751103b46334d55074642515d2d4926435727172550144c52334f24@fake.email
523,James,Bledsaw,(359)  526 -  7822,5e5107441d1162164433461f304f0e47370742161c155b0d5d37263e3a47520c@fake.email
524,Juanita,Carranzo,(504)  724 -  8628,53023a34031445202333055051133033112224561b180e345248632140435b0b@fake.email
531,Linnea,Biagas,(724)  429 -  2335,484e36572b463a16340a4d334e2e120a53455c21325b390a4428073e17404b3c@fake.email
625,Marcia,Chaves,(791)  409 -  6245,47085e0d0f2c334c540c0a2e35413e3e500f5a2c4a2c27545b24333653393a55@fake.email
626,Mary,Brening,(971)  838 -  5915,34331342563a2107140a455d1e235d523b29033e4022274352401c2150303736@fake.email
627,Calvert,Mcfee,(688)  552 -  3756,0249335d1d503954401e4821146107583312476146343838143f44074b24562c@fake.email
704,Christian,Contraras,(257)  508 -  8410,211933413c2751030a5e3261464d3538501720430c483618410f1861140d1e42@fake.email
728,Jessica,Rosebur,(519)  725 -  3426,2112344c4f5d351b384736430e434a6005601305583d142b18220a383553470d@fake.email
900,Nona,Pogozelski,(883)  336 -  5883,3e362f411c4f2e442c415b595547521d4713200608152a402f4d471815113509@fake.email
901,Voncile,Bowley,(423)  217 -  7453,00084f4f39205b4d1b613938000d5155315d41214c5b2c0b20070b2b5b2c2915@fake.email
902,Fletcher,Schulder,(711)  429 -  4126,5917055a5a56465f4c440b131f530b0b4c2a1944634e454f0e4d605a3f513752@fake.email
903,Nick,Lisherness,(321)  308 -  5296,3d5d134247421007251f13065b0d32621144300c233e3f482152365b34623017@fake.email
904,Royal,Meddaugh,(797)  544 -  8293,2b491051454f36094f065d5c1b4237095822370d124459614f44254539425b59@fake.email
905,Bettye,Luckenbill,(297)  286 -  8262,010e48324a2a11572c06560d591f463a3d15174b5a271d393b2f2902121f4d17@fake.email
906,Vilma,Novacek,(876)  710 -  8289,10082634174a1b06261b3501054c544434554b343f5f352617615a4618013628@fake.email
0,Glinda,Bushby,(628)  810 -  9941,252b5b4237041f16041a391f38563c1826252016314e140f09434e4430362723@fake.email
1,Bernadette,Omar,(332)  519 -  9553,430c2b21155611630c31594b53102f422151612062501353260243470e170714@fake.email
2,Bonnie,Leos,(434)  825 -  5999,0416083a324b4a165d2c1d37455a3a400c2e272b03620e5e0d1e2a3b2a391a03@fake.email
3,Nellie,Chesney,(300)  320 -  4758,2e53200c0a0f1e024306240228490e38473d5906272a145210405d2232600313@fake.email
4,Marilyn,Cundiff,(655)  561 -  6475,2713524f0d625a1e52051f32254956284c3e5728370b4043493120492b390831@fake.email
5,Mark,Kaines,(960)  373 -  1621,211c4f590a220219290e1b563e415d140308124c3f5410155431135710144719@fake.email
6,Doris,Verdi,(869)  803 -  5789,172c3930563c1508612d1e2a012b4b095a082052502f432040634b3a614a2f4c@fake.email
7,Beverly,Wathen,(298)  769 -  1094,12462c280a2d4338474e151428262e5517014846310f111a445e1e2546520933@fake.email
8,Hattie,Youngerman,(933)  882 -  6436,16244f62543a0e0e052f583c5e4a3a180106073f173232372b4a326314033048@fake.email
9,Anna,Ganther,(953)  756 -  1675,2a2d4e131648303126281d2448031b5d475e14355a0f073d1c4e1a294639434c@fake.email
10,Mary,Zumsteg,(845)  750 -  4586,4450112049301b4144483004492060363923294611422b3d5825015944305547@fake.email
11,Annabelle,Holderbaum,(628)  488 -  6788,583e5d2b150c413d0e556147465d171f155d37045c34486015323a504b213a4e@fake.email
12,Milton,Leckington,(305)  772 -  1278,4e402a581b374a524055222c613d01402f56191d363a354b53362e063c352701@fake.email
13,Mildred,Decapite,(229)  862 -  2414,20035a4b232c063322195a1142160301490f374428175b482730525f22146117@fake.email
14,Kathleen,Ngo,(516)  467 -  2340,562c240d14230c5e423e1b2c5a12415b3c2e5a1a27100f044f1b52132217415a@fake.email
15,Sharon,Shuckhart,(417)  896 -  5295,4624573b1349385c19321a1a6103435f552642333e61525b145a36533921321b@fake.email
16,Louise,Brinkley,(285)  290 -  2701,011812391e5d214e232e553139403c43252e234e1f3c233e566025041528062d@fake.email
17,Marian,Harrist,(893)  516 -  8678,4710392b1c5c0f541017592f305e5e254c4e561b4f2c1c314b1f145730601609@fake.email
18,Jamie,Poth,(872)  911 -  4419,0b072c414c044125174b123f5d3007222d393c572f385646191e2b4016042436@fake.email
19,Lynda,Fresch,(526)  553 -  8726,070e0a513a2a462b19585e123d260c1541560d3e3e3e2a4a5b625a291d25411c@fake.email
20,Larry,Glassco,(918)  852 -  7316,5e06244d34433442474c5e2f104f254c585e6129463c5149312214233428150c@fake.email
21,Pauline,Fishel,(331)  868 -  5232,420a13515a423e410d1028250252230b0740141b110356345b1007360f3c4b48@fake.email
22,Laura,Camejo,(226)  233 -  7276,332e3c39391d400c16112800460d43162a0c3e060e511a5f0851480231194822@fake.email
23,Mary,Guarnera,(216)  234 -  5445,405062234b141d2a43284f33165201211b0a452b522d5b052e052057271d4e26@fake.email
24,Maxim,Halford,(368)  796 -  4429,171d51003d472831005233441f453638404a48023d2a1c19141f41353c2f265d@fake.email
25,Robert,Azbill,(547)  797 -  9401,204b283b292c1f1f260d5a38252b3c02352e2d4e0e012b5d273a5348204b1c5e@fake.email
26,Alice,Krzyminski,(416)  457 -  5391,4833601f3b2c0c612158611e1c2e3e4a53353a4a605650435237195a360e3526@fake.email
27,Ronald,Fino,(373)  258 -  3185,05254d0a3161622d3e252645194c5707591261344906363036310e01585e6103@fake.email
28,Rowena,Degaust,(390)  556 -  2234,053043245062313f2440060e231b312b32545b1646232c3b123e1d6144484826@fake.email
29,Sharon,Mantele,(569)  363 -  8649,102d5a59211b3f3242623d41441d5d0f12483e1a27275e1b0b3f6237365c5d3a@fake.email
30,Karen,Demchak,(823)  368 -  6262,01225e1a0c103c511f5852024a582f633f2b5038256248351517534312312662@fake.email
31,Marlene,Vickerman,(443)  550 -  1166,0a111c5e3d1005112d1f373035184301314c41203c1e5d5e410c49312a403d28@fake.email
91,Special,Ramus,(461)  401 -  3014,222b3a5f051340045a470f38254f10532f63381811073e3d63423c075a340844@fake.email
100,Lera,Husni,(502)  450 -  3511,122106255f5e12473b402b5838311d35055a0a5d41261444153b57446104532c@fake.email
0,Carlyn,Heffington,(958)  473 -  3453,01255734035e4c0a383123111d3646580e38434a152c51540751401428431e3e@fake.email
601,Heidi,Bohorquez,(510)  290 -  2233,2c433c2d39581c5e3e45160912512849330f2f473c04330d44035a59032f5c32@fake.email
603,David,Hancock,(945)  467 -  4956,443a171c423854174605490c021f544009084704200819200829591e5a1e314d@fake.email
605,Heather,Mefferd,(937)  834 -  8633,28113f1655514f31214f531e3f571d57275b3e4f41625f522e00024050014035@fake.email
606,Shannon,Winkleman,(684)  817 -  7081,170c0b310a305c600e302c531b43501a4c293a34321f0d2f0f4159380618063e@fake.email
607,Alex,Gambler,(290)  762 -  0843,17291528454c3a5010614b134b0c224b53530604254f32252f19504f460a3328@fake.email
609,Wendy,Fasching,(401)  339 -  3683,00382c18433c365a44341c382158291a1e0214395f4a0a061b32270109501040@fake.email
610,Steven,Mikasa,(833)  507 -  6727,2d2f1f32512f61354e1c625d4a244a00255e103d2514124e2d5029481d1f3f25@fake.email
611,Sue,Mccalment,(295)  866 -  0810,0611073528623d2f4a3101582930301c364a3d4a3f434310202c36083b1f1f3d@fake.email
612,Christine,Trompeter,(597)  314 -  8592,2844544a57274d5c4f0812081b102b18585948110f20211d41275b3153601861@fake.email
615,Ryan,Weakland,(524)  473 -  5886,5b3c5c0b5d062e325829544c04320e042d5a1a42315d5f0c0b4a59014a4e2237@fake.email
616,Josef,Grissinger,(512)  422 -  6336,2f424f5e482737553e13313d244028563c21003b203a4d32353a1f5947512f54@fake.email
617,Michelle,Wickkiser,(292)  634 -  2950,1f615a5c05455e54180f12321e503d040c3d23313358480a1a3f0f5723614a29@fake.email
618,David,Akhtar,(897)  571 -  7173,2b1f2a242b3e060602571c4f5460191f2f35210b36255104242b190b131b0a18@fake.email
619,Rebekah,Sheares,(429)  677 -  5406,204407310e0e3e20154f465d384d62263c452d0e43523e2f1057061312516205@fake.email
620,Jennifer,Garay,(957)  757 -  1141,495a2b501d465c130259451c5a1c1609150e072b06082e0f3f385e1642313103@fake.email
621,Helen,Scovell,(603)  665 -  0208,4d18120b165f502f41180306332725620239352a051856392d173c19472b3563@fake.email
623,Katherine,Signorile,(350)  475 -  7742,2e1b5e202129571f4d5014241c21595931165b5c014121220720562c240c0221@fake.email
624,Robert,Kelliher,(854)  258 -  8075,4e4a05212202034b314a152c22230d2217433b574d471a0c4e1522022e1f0644@fake.email
625,Roland,Kersh,(209)  640 -  3877,5b574f2546145a53631a2f3a412f21234b520a3b351f4d515c32403041505127@fake.email
626,Kristina,Colomb,(238)  876 -  3964,353812154b2853223f150a2319190b5b601c5e323514253042434d2e3f05172c@fake.email
630,Sean,Rishor,(284)  567 -  6637,0e075a3b35152335455654440421244351543e52151c5c3444130c4c39283c1e@fake.email
631,Hugh,Murdy,(896)  487 -  1233,2a11073a265c1e2752500616541807003b381a44040c05232d020a381346173d@fake.email
632,William,Wease,(358)  593 -  9382,2f2b494c3d230d620d282d5830122d61243e560b51370a2f5a4831301a122c1e@fake.email
635,Alison,Highley,(814)  911 -  1538,2a4e533636282a251721565b030e51494f570e0e4f03400d40390427484c1c57@fake.email
636,Starr,Buzzo,(813)  295 -  5681,481f485b4d43325d2a1a0b140a094f0161354a04191b381a17325c460b294402@fake.email
637,Cheryl,Bickerton,(705)  658 -  1734,17271c164948052343391c1d1f4914511f2a385426615c5c05285a0d2e3c5717@fake.email
640,Kim,Chmiel,(294)  556 -  3647,5d3e5c0f0c613e233b014b444c2c551006055a2f4d5c463e014e426239025c61@fake.email
641,Sara,Petersen,(996)  721 -  5101,05344649071a40515507433f41524b3c5e252b4f11590c09555e26232d110f34@fake.email
644,Brendan,Grass,(855)  307 -  6416,11604f5845611b22093b3f404c3b2e3a5a3e5e2a0951403f243d5e0b24525a48@fake.email
646,Henry,Prial,(876)  279 -  4450,57370a29333f2461582f54375f5f1c3d5263082617492e3d06084b3f225a1d38@fake.email
647,Leith,Fulcher,(392)  479 -  4585,144415365a2049550045151d464625254313100f4959255d5f3a36092f384e24@fake.email
648,Le,Modine,(852)  787 -  0618,3a440d5459623f055a3110125b2c594338093527102d611849294c4224570810@fake.email
649,Tim,Effler,(656)  638 -  7165,44591225291f1844191c4e023a04102840174d5d5c2b035a052b1c2a5d434e46@fake.email
650,Amy,Ihm,(963)  410 -  3837,25262a14071c371e2c3715544e462703064501285028295e1100245c1557090c@fake.email
653,Graham,Heusley,(564)  522 -  3524,1f542a0a4c232c204f3a0e59605123453f301f3c22251e3f1c5b5f013e5f6242@fake.email
654,Jonna,Newstrom,(604)  808 -  1035,316016390e1b04372734272404301c26542c323f0b55292850500e4d1b12000a@fake.email
655,Matha,Bee,(808)  423 -  9238,2239094a3e632c27214d1460284810502407563a0f3b4e4b534f121d562a340e@fake.email
656,Patrick,Boniol,(523)  384 -  6318,3a5f363d154734195b15351e22131605284422074e0d1c103d1e4a5308180a50@fake.email
657,Ardelia,Skains,(761)  912 -  7604,0a3340132e4a5b0c105a61364b1a4947194f19111817375b263c113c09005732@fake.email
660,Rufus,Gorell,(674)  905 -  5663,0e0a3f16072b340c2a22064d1a52112d24483c21484c5c2f1535393b1709534e@fake.email
661,Laronda,Giambrone,(739)  647 -  7736,3f4518536030202b50351e5f054b0e23144125602f4f23324b524e3f60614d20@fake.email
662,Kizzie,Constanza,(542)  652 -  0774,2b3e634a3e1c311b5f232d425c07025d1b2940062b07092b391b412641622150@fake.email
663,Alissa,Krishna,(913)  893 -  3923,07042016484d1f1e123b374349221d262326413733050b2853013c575b3b382b@fake.email
664,Brandee,Brobeck,(624)  780 -  8114,0f32081a4f350000063126065756272b241d0d060d4a032a524c2b1c0b081130@fake.email
665,Alysa,Bakker,(465)  467 -  7597,515d0d55161e3c4b3614044d081c271b5e51030e590f03380561292d2b552d05@fake.email
667,Joana,Dumont,(324)  548 -  3026,2f0548405d38104d3a1f385f0e144c1f271b622b1333083635232010212e3d4a@fake.email
668,Lien,Gubala,(935)  386 -  4175,3f5b3f40272217214e0a5105190f24432510505d41045f2b191d572b40580439@fake.email
670,Rebecca,Shreeves,(751)  853 -  1401,3254490a3133192d0528520e0b3c3d58415f064536210b463d41455d2e3c4531@fake.email
671,Jene,Schifko,(452)  662 -  5154,41313d3417472f203d02365e302204311741073d362d0c1b0c474331174d0e23@fake.email
672,Bridgette,Lohwasser,(405)  365 -  6136,2e281b483151364e5f5730063c5d114a3d2c494e0d1c00301d5e616123304c4d@fake.email
674,Sharee,Kynard,(212)  766 -  5205,1e0e44624d3c603b2b353f613f3e4527493c3051081c541837604a4c4d46472b@fake.email
675,Henry,Begun,(745)  258 -  2057,2d540042003d1e013f223655033f22144d410614212538023b02552346410c0e@fake.email
676,Myron,Savic,(233)  802 -  7243,5c292e5d041b39593d60191a39111b1452394f104f50133a5e1e0c00390e500f@fake.email
678,Cherly,Bilski,(417)  440 -  9643,14070600465b16391e0d3a2f21492c4d1d00603816093e2b2116580b470a3f17@fake.email
679,Rosamaria,Mcnally,(654)  492 -  7862,151e4f162b4f034a4256112b0940444558315b271c473f2541435b0a4a0f0330@fake.email
680,David,Schlotter,(401)  694 -  6265,614c4f2d450e111007143f311f5e462024123c3d071116623d48155812324161@fake.email
681,Michael,Sadolsky,(333)  385 -  5740,494637435c2d561b4c33316050181d482e32123231493e543b2110353821490e@fake.email
683,Tori,Kutzer,(846)  333 -  0716,150b2431065032304b533f5c5b60433140201529184e4738534c605e5b140f36@fake.email
684,Yvonne,Stokke,(399)  659 -  5506,3f59034008152a4e31473414365c2411623e3d3a1e17484c311e00453a300554@fake.email
685,Gregory,Frati,(815)  274 -  4177,480b582a3c5b1d28015d32592953183b194840570831472b4532002462301627@fake.email
688,Dona,Bantug,(545)  822 -  1112,5f393304494007154014251858635c1208321c2e171b123619540a0132440626@fake.email
689,Samantha,Moak,(611)  850 -  5545,103f421f1e204c195f580a1f334c45173d3a4106275102021638455f0d0d2a38@fake.email
690,Brittany,Teran,(797)  848 -  5936,13493a54125f3e4f14350e12385337125b564b3317501d0f165516231534242d@fake.email
692,Cheryle,Rymut,(520)  573 -  6361,1e395f213212365f32204e222b530424170b4f164b1f22520114260a5c2c3530@fake.email
693,Patrick,Fredline,(952)  781 -  6552,455c1e344b0707100e25140c1241560e324127173b5059521f012d2400482532@fake.email
694,Cheryl,Stallones,(261)  532 -  7574,514d152e3a2c483c0b621449314e48504a533f3506284210202a52065620444a@fake.email
696,Bill,Ulwelling,(712)  876 -  6238,3355112844604518080d01303f090c083b243c30212f10273616134f213b2d15@fake.email
697,Lurlene,Verde,(349)  339 -  8648,523e1438321a1415362b160838010328131e14252e443f4f01005b3251112733@fake.email
699,Cecile,Pevey,(789)  430 -  1946,1057570d4d184f56133b4c0f5c5d5734240e4c4230495a600e0b5658583a4a02@fake.email
701,Taylor,Coffman,(654)  487 -  6488,1a1f0f03266311482a1c62000f25192b265b3e110c284e3e31493c1356200609@fake.email
702,Bill,Fleegle,(292)  773 -  1427,3602523d210a24400c15291606232f620f4054415c522c550e15551902123048@fake.email
703,Dianna,Konyn,(904)  573 -  5425,3946120161183012431d420a255e10094b330b322f2c346104240c4d4b404543@fake.email
704,Kim,Rohanna,(315)  873 -  7648,0b580c104f185927501659174300140f245833473447105a165c263061451953@fake.email
705,Joeann,Simmens,(836)  558 -  7185,2c61290116115a322e3f593e10232a3502354129552a55071432572c45281f48@fake.email
706,Daniel,Bilski,(211)  457 -  4273,212f0703575a555232315d2826461e611d3c1a2004370c462818365813022f55@fake.email
707,Sara,Ozminkowski,(484)  427 -  4921,4860543c03455f09360a0725151b103b110610603562234e480c065848351622@fake.email
708,Saul,Neives,(306)  769 -  4301,3a20020b2e04403f3202095d3e5b4a3812183c28290f204212253a173c44241d@fake.email
709,Terence,Alexender,(272)  554 -  7486,4634535b230b511b5d25264d6205530d081f1e530363091457000b35602a1856@fake.email
710,Travis,Peluse,(373)  793 -  2608,023e5c4806153c143a383c2f161759523003360a0e1b5039044d2e630b474331@fake.email
712,Steven,Halliman,(272)  299 -  8544,245d430344075f5b184a4f104c1b285427392d5a0231232f20463c0c2b37195d@fake.email
713,Brandon,Revere,(892)  749 -  2898,1a2a0c0c3351295f292a5d454959284d39181f2c3b212d123d314c0c621f5f13@fake.email
714,Jeremy,Vatterott,(482)  604 -  5866,10192d0c211e144c464132245b1c15516061405b19161f5d55181d571f484552@fake.email
715,Irene,Lageman,(957)  773 -  8348,015d3444094f2213444a4523172b1c25230f374a49220f5c083754231e233d5a@fake.email
716,Towanda,Denisco,(406)  385 -  2775,4f122f463638311d4e16454a432d023e2a2e4f2e2a3e1f120f3e320a2b4d1a2c@fake.email
717,Nakesha,Carmine,(737)  785 -  8678,432a0a230325133c175c5316622e575f48234c594a345f362d4a54483433511d@fake.email
718,Janice,Yeager,(220)  542 -  7263,44002919541457300415294d4a4134541947563905421353524b3e3c0555324c@fake.email
719,Vera,Mix,(594)  435 -  6911,47445136202a412959633b13013819083062543a611b07154948430a3c5a283e@fake.email
720,Delcie,Destefani,(834)  332 -  5172,3110301c3422403051134e4501141d53512419020129314f3d3a1144251a0e2f@fake.email
721,Tyler,Paulus,(563)  651 -  2932,2836075b45222b0e60095a3549602656271a5128084a1d25243023131c520a06@fake.email
722,Lovie,Nyce,(551)  686 -  6517,2f380b532e57500e5c40474d333f2e61033c63352f31544b012f0c5d2a363054@fake.email
723,Scott,Mech,(655)  731 -  9676,353b58220b574f223d552c154643214e36173f0233420e1f4e462214142e165c@fake.email
724,Amy,Lattus,(617)  462 -  2267,47065042580d04030c16545d4f4d3e35122d3e5c0a420a441e5e460044072329@fake.email
725,Andrea,Peeples,(506)  517 -  9453,5f5a4641555f0724013f3022271e160c173911474243175912012b1d1a091917@fake.email
727,Beth,Leutwiler,(697)  797 -  8703,32101d1948323527592a335502393e314f195423184f2a01352f5a143c322253@fake.email
728,Mary,Sacane,(236)  455 -  5133,4d243a2b084f3b082f4b18391e083432421136604333283645634f1f62203527@fake.email
729,Kathy,Reasinger,(677)  684 -  8276,615e1b103e491d15184a201e415d5d133a2f2f59295c292528592f104e09583e@fake.email
730,Javier,Reimer,(919)  679 -  1562,611540251a143706555f4e50611d002a305a295d0139125e20244e4b000b4b26@fake.email
731,Maria,Swick,(486)  249 -  6533,3c5333420b4d22122a460151052f256360453f102b151e514f6029622d603060@fake.email
732,Else,Engelbert,(819)  523 -  3158,0e045730280d0a0c08402e240c04172715605a1d0e005d1f58302839190e173f@fake.email
741,Heather,Kotheimer,(524)  753 -  3921,57475c33434c45014e4f09345b0b114a4c3f0d1a1c562e20484e334a36303210@fake.email
742,Terese,Inzer,(840)  885 -  9113,024e0c295e13482624095960180d45191052173a1c1530043f13441c0a06325d@fake.email
743,Hector,Montesino,(526)  360 -  2215,284715473a5b08203518391155394a352a5e310a00183b58165b114302144832@fake.email
744,Jocelyn,Kiepert,(209)  318 -  5411,334a2123305c1617040d6101563911541f4a103c29423f4d0c3f320427583710@fake.email
745,Evan,Quirin,(756)  684 -  1011,4f44431029240727090502350a113949320d3a3217620d273b1c19223706451a@fake.email
746,Jane,Weal,(272)  651 -  4214,4c295e26433b4d10112c1f382a0e0e235e3f295014495634312951232a391528@fake.email
747,Patricia,Jansma,(264)  468 -  4651,4a435d3530150c1108412e065f1a0f1004441000475c0d16103c3d5d38162e56@fake.email
748,James,Paoletto,(243)  789 -  7415,620137291a1f5911310b48625c142a25034a051035555b441f3b2c4031451648@fake.email
749,Ann,Koulavongsa,(572)  829 -  2257,070d0220163d2240184b0c320f3c134f442b5520541738184a412a5c341a4f3f@fake.email
750,Kathryn,Vanhoutte,(306)  406 -  3934,09273d3d4856454701260722212519304f4805152b0111514a0d4d33435e4e58@fake.email
751,Tai,Fracassa,(230)  905 -  8819,522a1f073a2e583c323d6009375721403d4c5261280740142c08440f1a0b2545@fake.email
752,Mckenzie,Saulo,(690)  224 -  6461,13465b322f18195e1d2f2e422b351919065c1a50325f18422634414b3c160e05@fake.email
753,Keith,Demorest,(221)  678 -  9958,57544505050c2f543634512716504f591549513517132b1d31390b451b3d2b03@fake.email
754,Alvin,Glotzbach,(977)  682 -  2238,0d412e1814391506141c03462a4c31293a3b3657131f153a610b0f1e3f021a19@fake.email
755,Bobette,Brzycki,(905)  633 -  2643,163c1d1a4c2f403c414e53573c032158350d3a0a254c31265143105a395d4529@fake.email
756,Johnetta,Liebenthal,(261)  377 -  8123,353f494c2c34551c57403852164c6260183a51472914162c4b2009264e4d1f4a@fake.email
757,Lilliam,Petersik,(547)  228 -  2343,14291232141c4d104845263b022245521e1318103346093411222e03172c431e@fake.email
758,Manuela,Armenta,(542)  838 -  8831,2c29060d113728083f44052c1a15134e5d5d2c03280a4f0d2d041f532c414941@fake.email
759,Louie,Kopis,(586)  504 -  8811,5b5050072144280e3c192456385c55581307373e47582c4c2c30612426002c27@fake.email
760,Andree,Ogburn,(378)  479 -  4861,56063f601c3423193b4f58533147302408122f374a1c2242565f5040301a2716@fake.email
761,Shira,Schanding,(771)  669 -  5931,2c0b380d1724071a05154a5712595a4105520e2f5b1f3e0c5c60424d0f124a54@fake.email
762,Peter,Ready,(262)  629 -  5857,10155a4f62613d575d434e02204118204e011b4005474e5f443c01334e301543@fake.email
763,Harland,Gusler,(972)  578 -  1186,2f04224f403f494f4c585812322829254f403959523c1e3b5713552432183900@fake.email
764,Shenika,Sudweeks,(394)  337 -  7427,5c5b065f551100094f35445a3829232a573e2a42000c1f0230051e494a59370f@fake.email
765,Latoya,Rhondes,(874)  773 -  0704,0a2a0303111b424030060608132f151661362c11443c3a2540585b0203124104@fake.email
766,Ha,Dirose,(425)  703 -  2626,015602583653153d21136260464f313c353c1a5d4d4b292609603c5d4033160d@fake.email
767,Jodie,Forward,(220)  919 -  6554,493a4a52011b3f6229433b19481b1837475b221a520b1f030b3d3e551d05081c@fake.email
768,Jamee,Whitsett,(458)  353 -  5113,084b32595643420e503147510726423a475137403e2757023e3d2a333b1a4047@fake.email
769,Joaquina,Kashani,(912)  906 -  1645,105d4f3c0b522562371226233b152e602205274a5e23552d58374c630d573756@fake.email
770,Ronni,Srivastava,(330)  491 -  4209,4d33414e47503a24365e5f2a131b3e5e143f06161f311c4902201349235c250f@fake.email
771,Hong,Antenucci,(474)  722 -  3498,262029210d385f4d62602e480311530349221821133f401500114b42635b050c@fake.email
772,Trey,Mccown,(717)  588 -  7316,2f2015290100545a54404e0e091e5c035b325b2c1539570f335d11590617235a@fake.email
773,Joetta,Ribb,(692)  290 -  2712,0434393d43161d09471a3943573160131c451004091e1549613a25164605562f@fake.email
774,Laine,Stroik,(256)  553 -  5567,2c542a295f3a3d240a003c5f551539493f5a1a2758463554473e3754614a361d@fake.email
775,Rudolph,Phommajack,(843)  407 -  4832,3840226263161f301637275b353b5a502b57434d0c1a39622f3f2b03395f3f61@fake.email
776,Jacinda,Dutko,(447)  466 -  2614,2a034e1f1a42565648342c3a584756282450152f5514501b020c3c2b6150465d@fake.email
777,Dacia,Marples,(501)  917 -  7441,344448362c1f3825431d225c264301393d29081a2a0031465c283a38051c3123@fake.email
778,Roslyn,Cecchetti,(823)  822 -  1579,0b2d435a0a05291338120c062c075956343e2e363541464534504554034e4e5b@fake.email
779,Lorri,Lampkins,(759)  311 -  2720,0e505f4f4c5428384b4f27595a384a203a404c2c31025a3b05065b311f54021e@fake.email
780,Odilia,Adrovel,(659)  583 -  0998,2153552d26371b29202a1a5e5b3f0e4f30422a173d1c51562439332d0f413825@fake.email
781,Roxann,Andrich,(840)  865 -  5483,0b545d6059282f57624023544056561f42435c2452554c5648124f4661325b1e@fake.email
782,Marta,Brickson,(256)  810 -  2461,3e4f19423721531f5a206022340904245818185e120c230056225e252b4f4710@fake.email
783,Paola,Waldon,(734)  477 -  7166,4f554a2d082216382f5928125839133c6155395f2c27215402224a0c5153493a@fake.email
784,Ingrid,Rhude,(523)  458 -  5175,2002462f585c43624f2e321b3e215b075d5f3c021e1e455b3a2351465a5c081d@fake.email
785,Celesta,Arrendell,(396)  416 -  6863,1846465b425f2f60371b300a131d334e09175d225a075b475b3e042445103a2f@fake.email
786,Roxy,Moisa,(770)  473 -  7467,522b0b1838481e4d5c1d3d633f3b260c521f100c334b0c2436214f09511d3057@fake.email
787,Demarcus,Sablan,(553)  850 -  0630,114e3e16520032041e5747315552240a2b1f4642235121513a52351d194f2b37@fake.email
788,Cedric,Kushaney,(200)  782 -  3248,174512612c462d3a41292a1e0f4e605f2a5b531223351e210e3d442f0c4c494b@fake.email
789,Jerrold,Snowdon,(814)  635 -  6632,19021042350812254e3e49565d2150012a1049412502250560024c141124621f@fake.email
790,Sid,Casbarro,(830)  847 -  7633,46294e295f5f3e491d150107380a1f07210d181c4d105b4e542c183e0a4a1c59@fake.email
792,Alisia,Senich,(640)  552 -  7875,033827272928342a1b10383c2d510736015b255552091d2802323e230e2d3301@fake.email
794,Maragaret,Goergen,(927)  305 -  4361,57202a162359475c22570a63573d243e40304b1d1c1e4a0e08105e4456390901@fake.email
795,Wilford,Graber,(504)  350 -  5368,4f48374b4d16505f5e0e4845055703273e392c5956114b2b27623c0f1f37544b@fake.email
796,Gaylord,Galmore,(599)  336 -  6020,44625a451f22370c48314a5c45471e01285c390d1f090c4104393f3b3503102f@fake.email
797,Oretha,Kenwood,(787)  544 -  1032,38270d20480b140f4a612a441f0d1b58382b101f445e620530345d520b114a5e@fake.email
798,Bonni,Fillman,(611)  554 -  9501,014c5f4807262262510b144213045b3d3a26304d4c235c43611c5f3f264d5b5a@fake.email
800,Brenda,Froelich,(478)  315 -  6587,1d0e24625f421d18434e1d0b255b383c324c514d313d01412e2f102c3c2a1a61@fake.email
802,Elia,Golladay,(798)  746 -  3346,595b0e5a1d232b5345492e2d3a40324e421d50032f271e340b522f5314112903@fake.email
803,Evan,Urbina,(510)  359 -  5786,4e320c28021b03341928122c03222b1d272a22263d2f2308442c41584f124455@fake.email
804,Christine,Staude,(725)  454 -  8883,1f260828560959304560402703342c12351d430a560b014e303320145f1f361f@fake.email
805,Kathy,Nost,(852)  411 -  0813,1a47072d58112c382a5014506128460d5908222f413f314e1e033220510a5d1a@fake.email
806,Eleanor,Sommerville,(333)  713 -  5781,37344b0e60233e5e392063235c4709126259376160561a1f1e3b151513530f25@fake.email
807,Sarah,Broadwater,(447)  389 -  2657,3c223f0313470a29414e4d2a5a173d2c4c35193d0d350e53074c2146131d0124@fake.email
808,Mindy,Mcwilson,(703)  307 -  8789,38014455090e321036136017371f4c061318214b5a4e3e251c09140a4a3c0e48@fake.email
809,Bradley,Freerksen,(649)  307 -  1680,140152573b5c513c48451a145a294220190247391b06515c292b49126315040c@fake.email
810,Arthur,Uptgraft,(868)  349 -  7772,325041143516073d3f2554044c450b50050f5d114d563d332e32213f13601405@fake.email
811,Lennie,Homma,(395)  315 -  7421,0b393a484258053f0f374c042b09242f565725355c5826254b54492a41392603@fake.email
812,Cynthia,Trojillo,(912)  660 -  7541,5e551009494f013a13212957572d4a574d2c3845000b0e470800152739514e1a@fake.email
813,Margarett,Steltenpohl,(650)  580 -  1158,5a115c554d465c1c434d474a080a6118255d384f01555319121837490b423511@fake.email
816,Susan,Kiecker,(865)  257 -  2803,2241303c2e320c251823635a4c1e0f442c2b4729145c0d5534152c23485a3d0f@fake.email
817,Melissia,Mcclelland,(984)  350 -  6624,3e55354441142e1a05040e062f0d0e611d4c2a2a04613d57370457011e550203@fake.email
818,Domitila,Dwinell,(330)  677 -  6746,3f46081011025e31480e07231602230f4e0b4b214647000329106332545a2f37@fake.email
820,Shira,Menefield,(581)  474 -  5454,483b205d055306164b03503d424d29332a46534d2a080a473333605730596153@fake.email
821,Patrick,Mayze,(312)  503 -  7603,5830210d29031355533e0e125d5526074c1e0b60215d2102285d2d180b174543@fake.email
822,Dillon,Tyon,(446)  421 -  7702,1a08420c403c466060490155241a2057272f1e343b620207275202390b4c5a0e@fake.email
825,Genie,Wales,(989)  750 -  5214,351e2d290a442a5e0710085b251f3e2e4d0c1f035d5841183c3b13362c4d1a3c@fake.email
826,Martha,Soileau,(419)  819 -  4730,2f481a18541f0b3c31560900253b0e1434155518623e61172c21081a09272115@fake.email
827,Wanda,Holness,(965)  263 -  9485,315a230d3d035a2e0c052d5e275d31125c180c30504a50133d494b5e30365361@fake.email
830,Lorrine,Sicheneder,(528)  848 -  1376,1b06114f5b3f020344055734250a10224813600108142510544a4325365c2f4e@fake.email
831,Stanley,Procopio,(675)  456 -  5694,3b310404471e361615210209392e022f092101351c4f0c3e24353e611e514621@fake.email
834,Chelsea,Peelman,(255)  515 -  1442,05073a0732621b29393c1758524c513c0c33372646511e4f15062d31080e140c@fake.email
835,Cindy,Rapaport,(485)  330 -  7753,62325f3d1c614f085824554658592e020061385c55112a48010e36540c4a3a38@fake.email
836,Dahlia,Cartledge,(833)  845 -  1855,5e0c1343512454201f476030482d0b6205433f204d295560235f022d631e2450@fake.email
838,Piper,Babauta,(660)  790 -  8958,17435c2313065e191d36493327373d1b275e090b1946554455005015533d2260@fake.email
840,Jasper,Bobst,(295)  310 -  9444,0e1c62321c5a3028411608333b5b3e1f36360d3e2414325a0729163461345743@fake.email
841,Tana,Cheong,(946)  655 -  6243,244e124e091c30072a2b46353c13265c0a504f1c5e340d0b5162052c0a24245c@fake.email
842,Reyna,Gubin,(304)  230 -  3778,3e5a513305112b36055a4d0c5e625a070e56400f33071b4b634f430331071d32@fake.email
843,Edythe,Passman,(840)  606 -  0601,16623f51292414474f1d1c5e5e25495052492223074a38503a21242742276006@fake.email
844,Zenaida,Sawaia,(780)  566 -  5505,020356173d22120617151632261b2202012827265362262c2e584b3e18101528@fake.email
845,Mario,Mondragon,(284)  653 -  2341,441834594d4020031b1a43055653460a3c3360501b4a600615322725061d3e29@fake.email
847,Jeanine,Thain,(837)  422 -  5405,0c5e534a11103a5932212218523f2a343b332d471f12081f4c2c4d2b33425205@fake.email
848,Anja,Troup,(368)  663 -  6621,593f2837173d191f24473845614b33040523080f0b23434b62320a524263132d@fake.email
855,Oscar,Vita,(245)  280 -  2382,10263326053455592e0a144050463b332f1f560223200f083a071f510e023147@fake.email
856,Michael,Leve,(764)  475 -  7233,5f5f560f04062247300829541a225260135011592a110c0f0902384360132e1c@fake.email
857,Tarsha,Boehringer,(344)  328 -  6535,154e15102707495515515123391b03572e5d591151445952581f4a0252124637@fake.email
858,Lacy,Wakita,(872)  705 -  4255,41080b1711281222404c2a3b533a040605605c0357141d602d0a34100a2e0307@fake.email
859,Celestine,Dang,(992)  801 -  0625,5b320621200b205c62026050625c345b402b4d0a1427423f3123264e1610485d@fake.email
863,Hayden,Rougeau,(819)  866 -  2835,4115484f385f38191e633001064f144d114b244d312b2942534c465144194a28@fake.email
865,Sheridan,Hoseman,(201)  733 -  5615,040e013304395c2f1e161147550a40566255601c0e3e2d16221e131a335c223f@fake.email
876,Gerard,Gosda,(331)  213 -  3318,3901115f503243305c0403092d0f105a33153b1826115f312e1c1d1f4d175630@fake.email
877,Duncan,Burrelli,(952)  784 -  5571,5e3e281e1a4158570f312814101d34003c031a484e4f09150d4e0429175c1404@fake.email
878,Rosetta,Cohens,(609)  857 -  1089,3c3215334216105d1126552818314046242c30105e0f4d0c244962432e295a1b@fake.email
882,Antonette,Younan,(931)  487 -  1455,3161446244154a51331e4925225b05264e22390921152c16162d106008232514@fake.email
885,Kaley,Lillywhite,(205)  312 -  8236,273b060648401f4b36140a49122414381c4c59260439431f174b0c13543e2d5a@fake.email
888,Eladia,Labossiere,(686)  883 -  2824,310f3d4061334236253c4318400c3e1d043a3c4c1e1c2f221b1d0e3e3453241e@fake.email
893,Nestor,Condell,(561)  908 -  8921,43465538064c270e053c4e2906290152484a5a500a03515b324e383858075847@fake.email
915,Corina,Mager,(398)  514 -  6981,041e49325d132d5631150c203b161a0844532f02542a4f5c5b31340863105a58@fake.email
916,Zoe,Graff,(284)  877 -  6194,483a12140d2338015541406207031408405c504b2d562e1b4d53223d14262b19@fake.email
917,Genevie,Agney,(917)  478 -  4718,0c52463f574b0a265852152d372c3019081805393a1528142b2f122823563b49@fake.email
918,Nickie,Lifshitz,(865)  531 -  1422,2d081a4936321c3c324108623412220d23052c02091947311c374b613c593d31@fake.email
919,Orval,Biven,(325)  420 -  1432,050e120309310518444f0438102c0353253a52312b055244184d62620b212c3e@fake.email
920,Bryce,Geer,(487)  520 -  6539,1812040e6314573f62155b634558303a2d333726042021183a49435e3e221c60@fake.email
921,Zella,Prahl,(424)  720 -  3074,4f0a576207224e2a065558363b3528600105521a395a433814491b1118183d3f@fake.email
922,Cortney,Rozell,(237)  630 -  7766,5329622101285310110118282a3f2b104601155708083c340c4f0c4d1f0f4c20@fake.email
923,Therese,Acevedo,(607)  383 -  8270,0860334f2553184d0d38255a3d331e3c18161f57280561474946435c51021b10@fake.email
924,Chandra,Goerke,(540)  447 -  8585,49444f30044e631b280f3e1c0f1b28521e080f032104372c331125093c596115@fake.email
925,Ann,Newitt,(854)  325 -  2255,520154315e06474916572d5d424206484c1e490a0e4447415e183b3a1f2e0929@fake.email
929,Debbie,Laforrest,(715)  404 -  0104,612c0958202c4e27294b01404c5657015633601b0a01211f150b1d4948121f60@fake.email
934,Samuel,Widger,(613)  624 -  5812,605e3b0e5f19203c5e054c2d2d30283a303901143142033e192c2e2f460c1101@fake.email
938,Harold,Flitton,(681)  862 -  4419,2b1e3a43285b515a5a3f2619060216455d58215125281f1516255519440f4163@fake.email
943,Melinda,Farabee,(664)  824 -  3853,530514364544272e24491b5d4a31181f465b3553252b1b34063d5f612c122045@fake.email
944,Earle,Chappie,(297)  683 -  7530,0706055c3134212d2958575b5f594006202b24403f3011041f030f2136604d21@fake.email
945,Elisa,Pisco,(958)  545 -  9882,50494a5c53231f2d3f223d210f353f121d4b1a2c13445510425e4c5e432b1c40@fake.email
946,Carolyn,Ebbighausen,(376)  383 -  3821,3b5c3c192321396123183a5a165a480e291f5a512c1005292e3522033a5a0f10@fake.email
947,Erin,Knigge,(960)  707 -  1516,3e312f5e0207613519183d5244260c553d5256500b0a444e192f0b4427165d4e@fake.email
948,Leanne,Shaughnessy,(311)  318 -  5154,04585a442941592e5b1e270403074454193b2b1358045c480b020f1912212801@fake.email
949,Aliza,Schatzle,(574)  224 -  6174,2e184809014755065b1d2e5b4d4c3507364b3a221e2b38621456180e48463b1f@fake.email
950,Ayako,Halleck,(866)  499 -  9698,1b4933331f1f1b595e0e365b364b0f240406020c493d4c554b5361302827175e@fake.email
951,Juanita,Cocker,(800)  516 -  4888,041b3554254c59240a341133441e2642630959581a0b3e0a0d2f2d09532c251f@fake.email
952,Tara,Clattenburg,(741)  886 -  4274,36132d11550e374b0a4c24205833304e071243064227011c5651281e56073b31@fake.email
953,Mariana,Cuckler,(946)  905 -  4244,394c5f18533d0f35554f43262a2a330643362802094d571160244912171b242a@fake.email
954,Megan,Dietsch,(462)  359 -  1703,345308282e2a0a095125324a2f481e445000202a104310175d2c0f1d48255528@fake.email
955,Normand,Malesky,(530)  639 -  6440,4c2c36065a004c0d0a0b06041d0752054f194a5d3a044e0f5d22112d1d3c1d1b@fake.email
956,Jessica,Guzewicz,(741)  558 -  5712,1c4230265f432823141f0f2f5c0b115c1b4646611401551341565c4032195c0a@fake.email
957,Allen,Mcghehey,(938)  535 -  0312,225f130f01014d263c45311a0e450d0e141641090a261414152e1e191d002a3a@fake.email
958,Constance,Courtright,(812)  337 -  5884,043c6140345f0a501e33570b3d1922605741341f4e62574d562917303b0a3e17@fake.email
959,Jeanette,Tebbetts,(543)  626 -  5326,3201613f4e520b5d541b0c241f2b5e304c50174d4a11613263602421201b3222@fake.email
960,Rachel,Alsbury,(513)  374 -  6314,2c190421051c4525310a4a1b5d622036234c13060816560f242749085421265c@fake.email
961,Bill,Mandelbaum,(414)  502 -  1840,332806163e410b564e2a0c13624534102756120c2d295a452b145311384e3e12@fake.email
